genome_seqid	length_bp	gff_feature_rows	sequence_sha256	exclusion_reason
Contig00265_ERROPOS2330915X	90243	20	35f52b0a1ca816cb7eeda4475a1169e00f3690cffac405b609de848b31d5d0b3	not_labelled_as_publisher_pseudochromosome
Contig01298	121280	0	764c584b20b322370a1dc1d93e5c2b1eb921d47df99a3ee6593f336c2ad3b275	not_labelled_as_publisher_pseudochromosome_and_no_gff_features
Contig02084	598944	846	d7355d418543e52632a679f01d765b6fcad489e5e47c74b15650d2ee08b4f465	not_labelled_as_publisher_pseudochromosome
ctg000140_np1212	159309	158	97a47d880ee583491a071e710682596eeade71e99db4671dbcd73c682b89796e	not_labelled_as_publisher_pseudochromosome
ctg000160_np1212	299436	160	951c74efb356abdb8fbb5baf85f4b878da93b54e51e7d7f216e9c69a055f41b3	not_labelled_as_publisher_pseudochromosome
ctg000360_np1212	63932	42	4b841091c7770b4f1e30052321552f9127e71a9bffdc891e474a6f19962668d9	not_labelled_as_publisher_pseudochromosome
ctg000380_np1212	73634	14	b573b38e5093c94557be9070c77306e4d038e7114ac12c57f88e7400732749a3	not_labelled_as_publisher_pseudochromosome
ctg000400_np1212	77864	126	493e15da9cef5005f86f7d3d1ee758d5067914a740540aca148c6350d74655a8	not_labelled_as_publisher_pseudochromosome
ctg000890_np1212	727337	276	b649c8f5dff036fed4072782c8bf50a51f918afed109e4c5474a604772b812a2	not_labelled_as_publisher_pseudochromosome
