tool_id	production_name	version	role	platform	artifact_kind	artifact_url	release_url	source_ref	source_commit	artifact_sha256	vendor_md5	checksum_provenance	license_expression	license_url	executable	probe_args_json	allowed_probe_exit_codes_json	probe_regex	probe_evidence_level	server_inventory_status	server_inventory_note	production_action
orthofinder	OrthoFinder	3.1.5	orthogroup and hierarchical orthology inference	linux-x86_64	upstream release bundle	https://github.com/OrthoFinder/OrthoFinder/releases/download/v3.1.5/orthofinder-linux-intel-3.1.5.tar.gz	https://github.com/OrthoFinder/OrthoFinder/releases/tag/v3.1.5	v3.1.5	0b19747bd6f4e8f7a35d0d7ef6454eeca9bf159d	d74b5dbf9348e7ffdb735f1fda4ff9c49f504261811355519cf9dafcf80e7739	NA	upstream-published GitHub release-asset SHA-256 digest	GPL-3.0-only	https://github.com/OrthoFinder/OrthoFinder/blob/v3.1.5/LICENSE	orthofinder	["--version"]	[0]	(?<![0-9])3\.1\.5(?![0-9])	exact_version_banner	exact_version_observed_checksum_pending	A live read-only inventory reports OrthoFinder 3.1.5 and hashes its 251-byte launcher wrapper; the installed package code, release-archive binding, user configuration, and helper-resolution provenance remain pending.	Reuse only after package-code and launcher SHA-256 values, archive provenance, user configuration, and pinned helper paths pass; otherwise install the pinned release in an isolated prefix.
iqtree2	IQ-TREE 2	2.4.0	per-locus and partitioned maximum-likelihood trees	linux-x86_64	upstream release binary	https://github.com/iqtree/iqtree2/releases/download/v2.4.0/iqtree-2.4.0-Linux-intel.tar.gz	https://github.com/iqtree/iqtree2/releases/tag/v2.4.0	v2.4.0	977cc4324234b36fbfb80b326b8e43b73952e365	49c58e26f192dd5e0045110cee0af151203dfa0bd79fa03d01fcfc3e44ca2f1b	NA	locally streamed from the official release asset on 2026-07-17	GPL-2.0-only	https://github.com/iqtree/iqtree2/blob/v2.4.0/LICENSE	iqtree2	["--version"]	[0]	(?<![0-9])2\.4\.0(?![0-9])	exact_version_banner	not_observed	No exact IQ-TREE 2 production executable or checksum is present in the available inventories.	Install the pinned release in an isolated prefix.
astral_pro3	ASTER ASTRAL-Pro3	1.25.3.8	multi-copy coalescent species-tree inference	linux-x86_64	pinned source build	https://github.com/chaoszhang/ASTER.git	https://github.com/chaoszhang/ASTER/releases/tag/v1.25	v1.25	db2b3e95da5bb0318b933afe1a144eb943ef7cbf	NA_GIT_COMMIT_PIN	NA	pinned Git commit; record compiler and built-executable SHA-256	AGPL-3.0-only	https://github.com/chaoszhang/ASTER/blob/v1.25/LICENSE	astral-pro3	["--help"]	[0]	v1\.25\.3\.8	exact_version_banner	not_observed	No ASTRAL-Pro or ASTER production executable or checksum is present in the available inventories.	Checkout the exact commit without submodules and build only the astral-pro target; record compiler and executable SHA-256.
paml_mcmctree	PAML MCMCTree	4.10.10	fossil-calibrated Bayesian divergence-time estimation	linux-x86_64	upstream release binary	https://github.com/abacus-gene/paml/releases/download/v4.10.10/paml-4.10.10-linux-x86_64.tar.gz	https://github.com/abacus-gene/paml/releases/tag/v4.10.10	v4.10.10	4c7902fe972737ef5e80bb18f159a6e6acace3d3	c164971eba80df95bf59bb95dec50046b492b03fa9c0d9860b6c35f23417308a	NA	upstream-published GitHub release-asset SHA-256 digest	GPL-3.0-only	https://github.com/abacus-gene/paml/blob/v4.10.10/LICENSE	mcmctree	[]	[255]	(?i)(?<=mcmctree in paml version )4\.10\.10(?![0-9])	exact_version_banner	exact_version_observed_checksum_pending	The SHA-pinned official installation reports MCMCTREE in paml version 4.10.10; in an empty temporary directory it exits 255 because no control file is present, and the formal executable hash record remains pending.	Accept exit 255 only for this empty-directory exact-banner probe; retain the archive binding, package README, and executable SHA-256 before production dating.
cafe5	CAFE 5	5.1.0	gene-family expansion and contraction inference	linux-x86_64	upstream release source	https://github.com/hahnlab/CAFE5/releases/download/v5.1/CAFE5-5.1.0.tar.gz	https://github.com/hahnlab/CAFE5/releases/tag/v5.1	v5.1	8d3ab080796eafa192241a1067398832d886592d	71871bdc74c2ffc7c1c0f4500f4742f2ff46a15cfaba78dc179d21bb1ba67ba8	NA	locally streamed from the official release asset on 2026-07-17	LicenseRef-IU-Open-Source	https://github.com/hahnlab/CAFE5/blob/v5.1/LICENSE	cafe5	["--help"]	[0]	(?i)cafe	program_identity_smoke_only	program_identity_observed_version_provenance_pending	The observed CAFE5 executable returns usage text containing the program name but no version for --help, --version, -v, or version; 5.1.0 therefore requires archive or build provenance plus the executable SHA-256.	Do not infer 5.1.0 from the help smoke test; reuse only after archive/build provenance and executable SHA-256 bind the installation, otherwise build the pinned release with frozen compiler and BLAS metadata.
mafft	MAFFT	7.526	protein multiple-sequence alignment	linux-x86_64	upstream Debian binary	https://mafft.cbrc.jp/alignment/software/mafft_7.526-1_amd64.deb	https://mafft.cbrc.jp/alignment/software/linux.html	7.526	NA_RELEASE_BINARY	b8298e379bcd244be0e12f325461d863b93571da78c4499c2a2e4c252679c9de	NA	locally streamed in ordered byte ranges from the official release asset on 2026-07-17	LicenseRef-MAFFT-bundle-mixed	https://mafft.cbrc.jp/alignment/software/license66.txt	mafft	["--version"]	[0]	(?<![0-9])7\.526(?![0-9])	exact_version_banner	exact_version_observed_checksum_pending	A live read-only inventory reports MAFFT 7.526 and a wrapper hash; a reviewed path-free audit record and package provenance remain pending.	Prefer the existing exact version after recording its wrapper and implementation executable SHA-256 values plus package provenance; otherwise verify and unpack the pinned upstream package outside Git.
diamond	DIAMOND	2.1.10	OrthoFinder protein similarity search	linux-x86_64	upstream release binary	https://github.com/bbuchfink/diamond/releases/download/v2.1.10/diamond-linux64.tar.gz	https://github.com/bbuchfink/diamond/releases/tag/v2.1.10	v2.1.10	1130513e06223ffd12c74a11e8e2c967e108a825	0bad31df7acef7f4e05f7763b6a4fcd964cff2191ffa5643b2c5fc8e3f4df148	NA	locally streamed from the official release asset on 2026-07-17	GPL-3.0-only	https://github.com/bbuchfink/diamond/blob/v2.1.10/LICENSE	diamond	["version"]	[0]	(?<![0-9])2\.1\.10(?![0-9])	exact_version_banner	exact_version_observed_checksum_pending	A live read-only inventory reports DIAMOND 2.1.10 and an executable hash; a reviewed path-free audit record and release-archive binding remain pending.	Reuse only after the formal executable audit and archive provenance close; otherwise install the pinned binary before any OrthoFinder-bundled DIAMOND on PATH.
blast_plus	NCBI BLAST+	2.16.0+	SynOrths searches and translated gene-loss validation	linux-x86_64	upstream release binary	https://ftp.ncbi.nlm.nih.gov/blast/executables/blast+/2.16.0/ncbi-blast-2.16.0+-x64-linux.tar.gz	https://ftp.ncbi.nlm.nih.gov/blast/executables/blast+/2.16.0/	2.16.0+	NA_NCBI_RELEASE_DIRECTORY	PENDING_FIRST_ACQUISITION_SHA256	48f66c9e01ea5136e381b2bf6fc62036	upstream NCBI MD5 is pinned; a SHA-256 lock must be added before first production installation	LicenseRef-Public-Domain-US-Government-Work	https://blast.ncbi.nlm.nih.gov/doc/blast-help/developerinfo.html	blastp	["-version"]	[0]	2\.16\.0\+	exact_version_banner	exact_version_observed_checksum_pending	A live read-only inventory reports blastp, tblastn, tblastx, and makeblastdb 2.16.0+ plus executable hashes; a reviewed path-free suite audit and release-archive provenance remain pending.	Formally audit and hash all four executables; if provenance cannot be reconciled, fail closed until the vendor-MD5-verified archive receives a reviewed SHA-256 lock and is reinstalled.
r	R	4.4.0	R-based validation and any declared companion PGLS analysis	linux-x86_64-source	upstream source release	https://cran.r-project.org/src/base/R-4/R-4.4.0.tar.gz	https://cran.r-project.org/src/base/R-4/	R-4.4.0	NA_CRAN_SOURCE_RELEASE	ace4125f9b976d2c53bcc5fca30c75e30d4edc401584859cbadb080e72b5f030	NA	locally streamed from the official CRAN release asset on 2026-07-17	GPL-2.0-only OR GPL-3.0-only	https://www.r-project.org/Licenses/	R	["--version"]	[0]	(?<![0-9])4\.4\.0(?![0-9])	exact_version_banner	exact_version_observed_checksum_pending	A live read-only inventory reports R 4.4.0 and a launcher hash; a reviewed path-free audit record, build provenance, and R-package lock remain pending.	Reuse only after the formal executable audit and build provenance pass, and create a separate renv lock for every R package used; base R alone is not a complete R analysis lock.
