catalog_id	biological_species	biological_accession	assembly_unit_label	year	assembly_accession	alternate_accessions	accession_version_status	bioproject	ploidy_or_representation	assembly_scope	public_genome	public_gff	public_cds	public_protein	classification	deduplication_group	biological_independence	repository_url	publication_doi	decision_note
act_arguta_m1_2024	Actinidia arguta	M1	whole_assembly	2024	GWHBJWW00000000	none	repository_root_version_unverified	PRJCA010661	tetraploid_4x	chromosome_level_116_chromosomes	yes	yes	yes	yes	primary_replacement_candidate	arguta_m1_2024	independent_accession	https://ngdc.cncb.ac.cn/gwh/Assembly/83526/show	10.1016/j.xplc.2024.100856	Full annotated tetraploid candidate; freeze the exact repository version and checksums before analysis.
act_arguta_ky_aar_2025	Actinidia arguta	KY_Aar	whole_assembly	2025	GWHFIKU00000000.1	none	versioned_accession	PRJCA033191	ploidy_not_verified	chromosome_level_29_chromosomes_plus_other_sequences	yes	yes	yes	yes	sensitivity	arguta_ky_aar_2025	independent_accession	https://ngdc.cncb.ac.cn/gwh/Assembly/88099/show	not_available	Annotated candidate; verify ploidy and chromosome scope before comparing it with the tetraploid primary design.
act_chinensis_biyu_h1_2024	Actinidia chinensis	Biyu	phased_haplome_1	2024	GWHESRM00000000	none	repository_root_version_unverified	PRJCA026075	diploid_2x	chromosome_level_haplome	yes	no	no	no	unavailable	chinensis_biyu_2024	paired_haplotype_same_accession	https://ngdc.cncb.ac.cn/gwh/api/public/assembly/GWHESRM00000000	10.1002/advs.202400322	Official GWH DNA is public but the exact BRAKER2 annotation reported by the paper is not available from GWH; this haplome is not an independent species replicate.
act_chinensis_biyu_h2_2024	Actinidia chinensis	Biyu	phased_haplome_2	2024	GWHESRI00000000	none	repository_root_version_unverified	PRJCA026075	diploid_2x	chromosome_level_haplome	yes	no	no	no	unavailable	chinensis_biyu_2024	paired_haplotype_same_accession	https://ngdc.cncb.ac.cn/gwh/api/public/assembly/GWHESRI00000000	10.1002/advs.202400322	Official GWH DNA is public but the exact BRAKER2 annotation reported by the paper is not available from GWH; this haplome is not an independent species replicate.
act_chinensis_huangyang_h1_2024	Actinidia chinensis	Huangyang	phased_haplome_1	2024	GWHESRJ00000000	none	repository_root_version_unverified	PRJCA026075	diploid_2x	chromosome_level_haplome	yes	no	no	no	unavailable	chinensis_huangyang_2024	paired_haplotype_same_accession	https://ngdc.cncb.ac.cn/gwh/api/public/assembly/GWHESRJ00000000	10.1002/advs.202400322	Official GWH DNA is public but the exact BRAKER2 annotation reported by the paper is not available from GWH; this haplome is not an independent species replicate.
act_chinensis_huangyang_h2_2024	Actinidia chinensis	Huangyang	phased_haplome_2	2024	GWHESRK00000000	none	repository_root_version_unverified	PRJCA026075	diploid_2x	chromosome_level_haplome	yes	no	no	no	unavailable	chinensis_huangyang_2024	paired_haplotype_same_accession	https://ngdc.cncb.ac.cn/gwh/api/public/assembly/GWHESRK00000000	10.1002/advs.202400322	Official GWH DNA is public but the exact BRAKER2 annotation reported by the paper is not available from GWH; this haplome is not an independent species replicate.
act_chinensis_hort16a_h1_2024	Actinidia chinensis	Hort16A	phased_haplome_1	2024	GWHESRQ00000000	none	repository_root_version_unverified	PRJCA026075	diploid_2x	chromosome_level_haplome	yes	no	no	no	unavailable	chinensis_hort16a_2024	paired_haplotype_same_accession	https://ngdc.cncb.ac.cn/gwh/api/public/assembly/GWHESRQ00000000	10.1002/advs.202400322	Official GWH DNA is public but the exact BRAKER2 annotation reported by the paper is not available from GWH; this haplome is not an independent species replicate.
act_chinensis_hort16a_h2_2024	Actinidia chinensis	Hort16A	phased_haplome_2	2024	GWHESRP00000000	none	repository_root_version_unverified	PRJCA026075	diploid_2x	chromosome_level_haplome	yes	no	no	no	unavailable	chinensis_hort16a_2024	paired_haplotype_same_accession	https://ngdc.cncb.ac.cn/gwh/api/public/assembly/GWHESRP00000000	10.1002/advs.202400322	Official GWH DNA is public but the exact BRAKER2 annotation reported by the paper is not available from GWH; this haplome is not an independent species replicate.
act_chinensis_jinmi_h1_2024	Actinidia chinensis	Jinmi	phased_haplome_1	2024	GWHESRO00000000	none	repository_root_version_unverified	PRJCA026075	diploid_2x	chromosome_level_haplome	yes	no	no	no	unavailable	chinensis_jinmi_2024	paired_haplotype_same_accession	https://ngdc.cncb.ac.cn/gwh/api/public/assembly/GWHESRO00000000	10.1002/advs.202400322	Official GWH DNA is public but the exact BRAKER2 annotation reported by the paper is not available from GWH; this haplome is not an independent species replicate.
act_chinensis_jinmi_h2_2024	Actinidia chinensis	Jinmi	phased_haplome_2	2024	GWHESRN00000000	none	repository_root_version_unverified	PRJCA026075	diploid_2x	chromosome_level_haplome	yes	no	no	no	unavailable	chinensis_jinmi_2024	paired_haplotype_same_accession	https://ngdc.cncb.ac.cn/gwh/api/public/assembly/GWHESRN00000000	10.1002/advs.202400322	Official GWH DNA is public but the exact BRAKER2 annotation reported by the paper is not available from GWH; this haplome is not an independent species replicate.
act_chinensis_jinpai_h1_2024	Actinidia chinensis	Jinpai	phased_haplome_1	2024	GWHESRU00000000	none	repository_root_version_unverified	PRJCA026075	diploid_2x	chromosome_level_haplome	yes	no	no	no	unavailable	chinensis_jinpai_2024	paired_haplotype_same_accession	https://ngdc.cncb.ac.cn/gwh/api/public/assembly/GWHESRU00000000	10.1002/advs.202400322	Official GWH DNA is public but the exact BRAKER2 annotation reported by the paper is not available from GWH; this haplome is not an independent species replicate.
act_chinensis_jinpai_h2_2024	Actinidia chinensis	Jinpai	phased_haplome_2	2024	GWHESRH00000000	none	repository_root_version_unverified	PRJCA026075	diploid_2x	chromosome_level_haplome	yes	no	no	no	unavailable	chinensis_jinpai_2024	paired_haplotype_same_accession	https://ngdc.cncb.ac.cn/gwh/api/public/assembly/GWHESRH00000000	10.1002/advs.202400322	Official GWH DNA is public but the exact BRAKER2 annotation reported by the paper is not available from GWH; this haplome is not an independent species replicate.
act_chinensis_zps18_h1_2024	Actinidia chinensis	Zps18	phased_haplome_1	2024	GWHESRS00000000	none	repository_root_version_unverified	PRJCA026075	diploid_2x	chromosome_level_haplome	yes	no	no	no	unavailable	chinensis_zps18_2024	paired_haplotype_same_accession	https://ngdc.cncb.ac.cn/gwh/api/public/assembly/GWHESRS00000000	10.1002/advs.202400322	Official GWH DNA is public but the exact BRAKER2 annotation reported by the paper is not available from GWH; this haplome is not an independent species replicate.
act_chinensis_zps18_h2_2024	Actinidia chinensis	Zps18	phased_haplome_2	2024	GWHESRR00000000	none	repository_root_version_unverified	PRJCA026075	diploid_2x	chromosome_level_haplome	yes	no	no	no	unavailable	chinensis_zps18_2024	paired_haplotype_same_accession	https://ngdc.cncb.ac.cn/gwh/api/public/assembly/GWHESRR00000000	10.1002/advs.202400322	Official GWH DNA is public but the exact BRAKER2 annotation reported by the paper is not available from GWH; this haplome is not an independent species replicate.
act_chinensis_hy_h1_2025	Actinidia chinensis	HY	phased_haplome_1	2025	GWHFPWD00000000	none	repository_root_version_unverified	PRJCA031175	diploid_2x	chromosome_level_haplome	yes	no	no	no	unavailable	actinidia_superpangenome_hy_2025	paired_haplotype_same_accession	https://ngdc.cncb.ac.cn/gwh/api/public/assembly/GWHFPWD00000000	10.1093/hr/uhaf067	Official GWH release is DNA-only; obtain the exact matching annotation before gene-loss analysis and do not count the two haplomes as independent species.
act_chinensis_hy_h2_2025	Actinidia chinensis	HY	phased_haplome_2	2025	GWHFPWE00000000	none	repository_root_version_unverified	PRJCA031175	diploid_2x	chromosome_level_haplome	yes	no	no	no	unavailable	actinidia_superpangenome_hy_2025	paired_haplotype_same_accession	https://ngdc.cncb.ac.cn/gwh/api/public/assembly/GWHFPWE00000000	10.1093/hr/uhaf067	Official GWH release is DNA-only; obtain the exact matching annotation before gene-loss analysis and do not count the two haplomes as independent species.
act_chinensis_kuimi_2026	Actinidia chinensis	Kuimi	whole_assembly	2026	GWHJJEO00000000	none	repository_root_version_unverified	PRJCA065278	tetraploid_4x	chromosome_level_116_chromosomes	yes	yes	yes	yes	sensitivity	chinensis_kuimi_2026	independent_accession	https://ngdc.cncb.ac.cn/gwh/api/public/assembly/GWHJJEO00000000	not_available	Full annotated tetraploid bundle; retain as ploidy-mismatched sensitivity rather than replacing the diploid primary unit, and freeze exact current files and checksums before use.
act_chinensis_acm4_2026	Actinidia chinensis	ACM4	whole_assembly	2026	GWHJJEP00000000	none	repository_root_version_unverified	PRJCA065278	tetraploid_4x	chromosome_level_116_chromosomes	yes	yes	yes	yes	sensitivity	chinensis_acm4_2026	independent_accession	https://ngdc.cncb.ac.cn/gwh/api/public/assembly/GWHJJEP00000000	not_available	Full annotated tetraploid bundle; retain as ploidy-mismatched sensitivity rather than replacing the diploid primary unit.
act_chinensis_guimi2_2025	Actinidia chinensis	Guimi_No_2	whole_assembly	2025	JBMUMY000000000.1	GCA_051903715.1;GCA_051167385.1	versioned_wgs_master_with_duplicate_assembly_submissions	not_verified	diploid_2x	chromosome_level_29_pseudochromosomes_plus_unanchored_scaffolds	yes	no	no	no	unavailable	chinensis_guimi2_2025	duplicate_submission_same_assembly	https://www.ncbi.nlm.nih.gov/Traces/wgs/JBMUMY01	10.1038/s41597-025-05593-6	The two GCA records resolve to the same 607462286-bp submitted assembly and must be counted once; NCBI provides no matched structural annotation for this assembly, so it remains unavailable for gene-loss analysis until exact annotation assets are verified.
act_hemsleyana_cy_h1_2025	Actinidia hemsleyana	CY	phased_haplome_1	2025	GWHFPWH00000000	none	repository_root_version_unverified	PRJCA031175	diploid_2x	chromosome_level_haplome	yes	no	no	no	unavailable	actinidia_superpangenome_cy_2025	paired_haplotype_same_accession	https://ngdc.cncb.ac.cn/gwh/api/public/assembly/GWHFPWH00000000	10.1093/hr/uhaf067	Official GWH release is DNA-only; obtain the exact matching annotation before gene-loss analysis and do not count the two haplomes as independent species.
act_hemsleyana_cy_h2_2025	Actinidia hemsleyana	CY	phased_haplome_2	2025	GWHFPWI00000000	none	repository_root_version_unverified	PRJCA031175	diploid_2x	chromosome_level_haplome	yes	no	no	no	unavailable	actinidia_superpangenome_cy_2025	paired_haplotype_same_accession	https://ngdc.cncb.ac.cn/gwh/api/public/assembly/GWHFPWI00000000	10.1093/hr/uhaf067	Official GWH release is DNA-only; obtain the exact matching annotation before gene-loss analysis and do not count the two haplomes as independent species.
act_latifolia_ky_h1_2025	Actinidia latifolia	KY	phased_haplome_1	2025	GWHFPWJ00000000	none	repository_root_version_unverified	PRJCA031175	diploid_2x	chromosome_level_haplome	yes	no	no	no	unavailable	actinidia_superpangenome_ky_2025	paired_haplotype_same_accession	https://ngdc.cncb.ac.cn/gwh/api/public/assembly/GWHFPWJ00000000	10.1093/hr/uhaf067	Official GWH release is DNA-only; obtain the exact matching annotation before gene-loss analysis and do not count the two haplomes as independent species.
act_latifolia_ky_h2_2025	Actinidia latifolia	KY	phased_haplome_2	2025	GWHFPWK00000000	none	repository_root_version_unverified	PRJCA031175	diploid_2x	chromosome_level_haplome	yes	no	no	no	unavailable	actinidia_superpangenome_ky_2025	paired_haplotype_same_accession	https://ngdc.cncb.ac.cn/gwh/api/public/assembly/GWHFPWK00000000	10.1093/hr/uhaf067	Official GWH release is DNA-only; obtain the exact matching annotation before gene-loss analysis and do not count the two haplomes as independent species.
act_eriantha_mh_h1_2025	Actinidia eriantha	MH	phased_haplome_1	2025	GWHFPWN00000000	none	repository_root_version_unverified	PRJCA031175	diploid_2x	chromosome_level_haplome	yes	no	no	no	unavailable	actinidia_superpangenome_mh_2025	paired_haplotype_same_accession	https://ngdc.cncb.ac.cn/gwh/api/public/assembly/GWHFPWN00000000	10.1093/hr/uhaf067	Official GWH release is DNA-only; obtain the exact matching annotation before gene-loss analysis and do not count the two haplomes as independent species.
act_eriantha_mh_h2_2025	Actinidia eriantha	MH	phased_haplome_2	2025	GWHFPWO00000000	none	repository_root_version_unverified	PRJCA031175	diploid_2x	chromosome_level_haplome	yes	no	no	no	unavailable	actinidia_superpangenome_mh_2025	paired_haplotype_same_accession	https://ngdc.cncb.ac.cn/gwh/api/public/assembly/GWHFPWO00000000	10.1093/hr/uhaf067	Official GWH release is DNA-only; obtain the exact matching annotation before gene-loss analysis and do not count the two haplomes as independent species.
act_deliciosa_mw_h1_2025	Actinidia deliciosa	MW	phased_haplome_1	2025	GWHFPWP00000000	none	repository_root_version_unverified	PRJCA031175	diploid_haplome_from_polyploid_taxon	chromosome_level_haplome	yes	no	no	no	unavailable	actinidia_superpangenome_mw_2025	paired_haplotype_same_accession	https://ngdc.cncb.ac.cn/gwh/api/public/assembly/GWHFPWP00000000	10.1093/hr/uhaf067	Official GWH release is DNA-only and does not preserve the six-haplotype A-F primary design; the two haplomes are not independent species and require matching annotation before sensitivity use.
act_deliciosa_mw_h2_2025	Actinidia deliciosa	MW	phased_haplome_2	2025	GWHFPWQ00000000	none	repository_root_version_unverified	PRJCA031175	diploid_haplome_from_polyploid_taxon	chromosome_level_haplome	yes	no	no	no	unavailable	actinidia_superpangenome_mw_2025	paired_haplotype_same_accession	https://ngdc.cncb.ac.cn/gwh/api/public/assembly/GWHFPWQ00000000	10.1093/hr/uhaf067	Official GWH release is DNA-only and does not preserve the six-haplotype A-F primary design; the two haplomes are not independent species and require matching annotation before sensitivity use.
act_eriantha_hap1_2026	Actinidia eriantha	wild_Fujian_2025	HAP1	2026	GCA_982292455.1	GWHHOIR00000000	versioned_figshare_v1_bundle_with_ncbi_and_gwh_mirrors	not_verified	diploid_2x	29_anchored_pseudochromosomes_only	yes	yes	yes	yes	primary_replacement_candidate	eriantha_wild_fujian_2025	paired_haplotype_same_accession	https://doi.org/10.6084/m9.figshare.31034008.v1	10.1038/s41597-026-07414-w	HAP1 and HAP2 are two haplotypes of the same biological accession and are not independent species. Use only the exact Figshare HAP1 genome-GFF-protein trio. The public FASTA is the chromosome-anchored subset with 29 pseudochromosomes; the larger pre-anchoring total reported in the paper is metadata, not an analyzed public sequence scope.
act_eriantha_hap2_2026	Actinidia eriantha	wild_Fujian_2025	HAP2	2026	GCA_982292445.1	GWHHOIS00000000	versioned_figshare_v1_bundle_with_ncbi_and_gwh_mirrors	not_verified	diploid_2x	29_anchored_pseudochromosomes_only	yes	yes	yes	yes	primary_replacement_candidate	eriantha_wild_fujian_2025	paired_haplotype_same_accession	https://doi.org/10.6084/m9.figshare.31034008.v1	10.1038/s41597-026-07414-w	HAP1 and HAP2 are not independent species. Use only the exact Figshare HAP2 genome-GFF-protein trio. The public FASTA is the chromosome-anchored subset with 29 pseudochromosomes; the larger pre-anchoring total remains reported metadata.
act_eriantha_cy38_h1_2026	Actinidia eriantha	CY38	phased_haplome_1	2026	GWHHJAC00000000	none	repository_root_version_unverified	PRJCA046593	diploid_2x	chromosome_level_haplome	yes	yes	yes	yes	sensitivity	eriantha_cy38_2026	paired_haplotype_same_accession	https://ngdc.cncb.ac.cn/gwh/api/public/assembly/GWHHJAC00000000	10.1186/s13059-026-04068-0	Full annotated wild-accession haplome; keep paired with CY38 haplome 2 and do not count it as an independent species replicate.
act_eriantha_cy38_h2_2026	Actinidia eriantha	CY38	phased_haplome_2	2026	GWHHIZQ00000000	none	repository_root_version_unverified	PRJCA046593	diploid_2x	chromosome_level_haplome	yes	yes	yes	yes	sensitivity	eriantha_cy38_2026	paired_haplotype_same_accession	https://ngdc.cncb.ac.cn/gwh/api/public/assembly/GWHHIZQ00000000	10.1186/s13059-026-04068-0	Full annotated wild-accession haplome; keep paired with CY38 haplome 1 and do not count it as an independent species replicate.
act_eriantha_dg01_h1_2026	Actinidia eriantha	DG01	phased_haplome_1	2026	GWHHJAD00000000	none	repository_root_version_unverified	PRJCA046593	diploid_2x	chromosome_level_haplome	yes	yes	yes	yes	sensitivity	eriantha_dg01_2026	paired_haplotype_same_accession	https://ngdc.cncb.ac.cn/gwh/api/public/assembly/GWHHJAD00000000	10.1186/s13059-026-04068-0	Full annotated wild-accession haplome; keep paired with DG01 haplome 2 and do not count it as an independent species replicate.
act_eriantha_dg01_h2_2026	Actinidia eriantha	DG01	phased_haplome_2	2026	GWHHIZR00000000	none	repository_root_version_unverified	PRJCA046593	diploid_2x	chromosome_level_haplome	yes	yes	yes	yes	sensitivity	eriantha_dg01_2026	paired_haplotype_same_accession	https://ngdc.cncb.ac.cn/gwh/api/public/assembly/GWHHIZR00000000	10.1186/s13059-026-04068-0	Full annotated wild-accession haplome; keep paired with DG01 haplome 1 and do not count it as an independent species replicate.
act_eriantha_gz26_h1_2026	Actinidia eriantha	GZ26	phased_haplome_1	2026	GWHHJAE00000000	none	repository_root_version_unverified	PRJCA046593	diploid_2x	chromosome_level_haplome	yes	yes	yes	yes	sensitivity	eriantha_gz26_2026	paired_haplotype_same_accession	https://ngdc.cncb.ac.cn/gwh/api/public/assembly/GWHHJAE00000000	10.1186/s13059-026-04068-0	Full annotated wild-accession haplome; keep paired with GZ26 haplome 2 and do not count it as an independent species replicate.
act_eriantha_gz26_h2_2026	Actinidia eriantha	GZ26	phased_haplome_2	2026	GWHHIZS00000000	none	repository_root_version_unverified	PRJCA046593	diploid_2x	chromosome_level_haplome	yes	yes	yes	yes	sensitivity	eriantha_gz26_2026	paired_haplotype_same_accession	https://ngdc.cncb.ac.cn/gwh/api/public/assembly/GWHHIZS00000000	10.1186/s13059-026-04068-0	Full annotated wild-accession haplome; keep paired with GZ26 haplome 1 and do not count it as an independent species replicate.
act_eriantha_hh01_h1_2026	Actinidia hybrid	HH01	phased_haplome_1	2026	GWHHJAF00000000	none	repository_root_version_unverified	PRJCA046593	diploid_F1_hybrid	chromosome_level_haplome	yes	yes	yes	yes	excluded	eriantha_panel_hh01_hybrid_2026	hybrid_haplotype_same_accession	https://ngdc.cncb.ac.cn/gwh/api/public/assembly/GWHHJAF00000000	10.1186/s13059-026-04068-0	HH01 is a hybrid accession and is excluded from species-level Actinidia eriantha gene-loss comparisons; its two haplotypes are not independent species.
act_eriantha_hh01_h2_2026	Actinidia hybrid	HH01	phased_haplome_2	2026	GWHHIZT00000000	none	repository_root_version_unverified	PRJCA046593	diploid_F1_hybrid	chromosome_level_haplome	yes	yes	yes	yes	excluded	eriantha_panel_hh01_hybrid_2026	hybrid_haplotype_same_accession	https://ngdc.cncb.ac.cn/gwh/api/public/assembly/GWHHIZT00000000	10.1186/s13059-026-04068-0	HH01 is a hybrid accession and is excluded from species-level Actinidia eriantha gene-loss comparisons; its two haplotypes are not independent species.
act_eriantha_hn01_h1_2026	Actinidia eriantha	HN01	phased_haplome_1	2026	GWHHJAG00000000	none	repository_root_version_unverified	PRJCA046593	diploid_2x	chromosome_level_haplome	yes	yes	yes	yes	sensitivity	eriantha_hn01_2026	paired_haplotype_same_accession	https://ngdc.cncb.ac.cn/gwh/api/public/assembly/GWHHJAG00000000	10.1186/s13059-026-04068-0	Full annotated wild-accession haplome; keep paired with HN01 haplome 2 and do not count it as an independent species replicate.
act_eriantha_hn01_h2_2026	Actinidia eriantha	HN01	phased_haplome_2	2026	GWHHIZU00000000	none	repository_root_version_unverified	PRJCA046593	diploid_2x	chromosome_level_haplome	yes	yes	yes	yes	sensitivity	eriantha_hn01_2026	paired_haplotype_same_accession	https://ngdc.cncb.ac.cn/gwh/api/public/assembly/GWHHIZU00000000	10.1186/s13059-026-04068-0	Full annotated wild-accession haplome; keep paired with HN01 haplome 1 and do not count it as an independent species replicate.
act_eriantha_ld19_h1_2026	Actinidia eriantha	LD19	phased_haplome_1	2026	GWHHJAH00000000	none	repository_root_version_unverified	PRJCA046593	diploid_2x	chromosome_level_haplome	yes	yes	yes	yes	sensitivity	eriantha_ld19_2026	paired_haplotype_same_accession	https://ngdc.cncb.ac.cn/gwh/api/public/assembly/GWHHJAH00000000	10.1186/s13059-026-04068-0	Full annotated wild-accession haplome; keep paired with LD19 haplome 2 and do not count it as an independent species replicate.
act_eriantha_ld19_h2_2026	Actinidia eriantha	LD19	phased_haplome_2	2026	GWHHIZV00000000	none	repository_root_version_unverified	PRJCA046593	diploid_2x	chromosome_level_haplome	yes	yes	yes	yes	sensitivity	eriantha_ld19_2026	paired_haplotype_same_accession	https://ngdc.cncb.ac.cn/gwh/api/public/assembly/GWHHIZV00000000	10.1186/s13059-026-04068-0	Full annotated wild-accession haplome; keep paired with LD19 haplome 1 and do not count it as an independent species replicate.
act_eriantha_mq32_h1_2026	Actinidia eriantha	MQ32	phased_haplome_1	2026	GWHHJAI00000000	none	repository_root_version_unverified	PRJCA046593	diploid_2x	chromosome_level_haplome	yes	yes	yes	yes	sensitivity	eriantha_mq32_2026	paired_haplotype_same_accession	https://ngdc.cncb.ac.cn/gwh/api/public/assembly/GWHHJAI00000000	10.1186/s13059-026-04068-0	Full annotated wild-accession haplome; keep paired with MQ32 haplome 2 and do not count it as an independent species replicate.
act_eriantha_mq32_h2_2026	Actinidia eriantha	MQ32	phased_haplome_2	2026	GWHHIZW00000000	none	repository_root_version_unverified	PRJCA046593	diploid_2x	chromosome_level_haplome	yes	yes	yes	yes	sensitivity	eriantha_mq32_2026	paired_haplotype_same_accession	https://ngdc.cncb.ac.cn/gwh/api/public/assembly/GWHHIZW00000000	10.1186/s13059-026-04068-0	Full annotated wild-accession haplome; keep paired with MQ32 haplome 1 and do not count it as an independent species replicate.
act_eriantha_qs41_h1_2026	Actinidia eriantha	QS41	phased_haplome_1	2026	GWHHJAJ00000000	none	repository_root_version_unverified	PRJCA046593	diploid_2x	chromosome_level_haplome	yes	yes	yes	yes	sensitivity	eriantha_qs41_2026	paired_haplotype_same_accession	https://ngdc.cncb.ac.cn/gwh/api/public/assembly/GWHHJAJ00000000	10.1186/s13059-026-04068-0	Full annotated wild-accession haplome; keep paired with QS41 haplome 2 and do not count it as an independent species replicate.
act_eriantha_qs41_h2_2026	Actinidia eriantha	QS41	phased_haplome_2	2026	GWHHIZX00000000	none	repository_root_version_unverified	PRJCA046593	diploid_2x	chromosome_level_haplome	yes	yes	yes	yes	sensitivity	eriantha_qs41_2026	paired_haplotype_same_accession	https://ngdc.cncb.ac.cn/gwh/api/public/assembly/GWHHIZX00000000	10.1186/s13059-026-04068-0	Full annotated wild-accession haplome; keep paired with QS41 haplome 1 and do not count it as an independent species replicate.
act_eriantha_ry10_h1_2026	Actinidia eriantha	RY10	phased_haplome_1	2026	GWHHJAK00000000	none	repository_root_version_unverified	PRJCA046593	diploid_2x	chromosome_level_haplome	yes	yes	yes	yes	sensitivity	eriantha_ry10_2026	paired_haplotype_same_accession	https://ngdc.cncb.ac.cn/gwh/api/public/assembly/GWHHJAK00000000	10.1186/s13059-026-04068-0	Full annotated wild-accession haplome; keep paired with RY10 haplome 2 and do not count it as an independent species replicate.
act_eriantha_ry10_h2_2026	Actinidia eriantha	RY10	phased_haplome_2	2026	GWHHIZY00000000	none	repository_root_version_unverified	PRJCA046593	diploid_2x	chromosome_level_haplome	yes	yes	yes	yes	sensitivity	eriantha_ry10_2026	paired_haplotype_same_accession	https://ngdc.cncb.ac.cn/gwh/api/public/assembly/GWHHIZY00000000	10.1186/s13059-026-04068-0	Full annotated wild-accession haplome; keep paired with RY10 haplome 1 and do not count it as an independent species replicate.
act_eriantha_yl01_h1_2026	Actinidia eriantha	YL01	phased_haplome_1	2026	GWHHJAL00000000	none	repository_root_version_unverified	PRJCA046593	diploid_2x	chromosome_level_haplome	yes	yes	yes	yes	sensitivity	eriantha_yl01_2026	paired_haplotype_same_accession	https://ngdc.cncb.ac.cn/gwh/api/public/assembly/GWHHJAL00000000	10.1186/s13059-026-04068-0	Full annotated wild-accession haplome; keep paired with YL01 haplome 2 and do not count it as an independent species replicate.
act_eriantha_yl01_h2_2026	Actinidia eriantha	YL01	phased_haplome_2	2026	GWHHIZZ00000000	none	repository_root_version_unverified	PRJCA046593	diploid_2x	chromosome_level_haplome	yes	yes	yes	yes	sensitivity	eriantha_yl01_2026	paired_haplotype_same_accession	https://ngdc.cncb.ac.cn/gwh/api/public/assembly/GWHHIZZ00000000	10.1186/s13059-026-04068-0	Full annotated wild-accession haplome; keep paired with YL01 haplome 1 and do not count it as an independent species replicate.
act_eriantha_yx01_h1_2026	Actinidia eriantha	YX01	phased_haplome_1	2026	GWHHJAM00000000	none	repository_root_version_unverified	PRJCA046593	diploid_2x	chromosome_level_haplome	yes	yes	yes	yes	sensitivity	eriantha_yx01_2026	paired_haplotype_same_accession	https://ngdc.cncb.ac.cn/gwh/api/public/assembly/GWHHJAM00000000	10.1186/s13059-026-04068-0	Full annotated wild-accession haplome; keep paired with YX01 haplome 2 and do not count it as an independent species replicate.
act_eriantha_yx01_h2_2026	Actinidia eriantha	YX01	phased_haplome_2	2026	GWHHJAA00000000	none	repository_root_version_unverified	PRJCA046593	diploid_2x	chromosome_level_haplome	yes	yes	yes	yes	sensitivity	eriantha_yx01_2026	paired_haplotype_same_accession	https://ngdc.cncb.ac.cn/gwh/api/public/assembly/GWHHJAA00000000	10.1186/s13059-026-04068-0	Full annotated wild-accession haplome; keep paired with YX01 haplome 1 and do not count it as an independent species replicate.
act_eriantha_yx02_h1_2026	Actinidia eriantha	YX02	phased_haplome_1	2026	GWHHJAN00000000	none	repository_root_version_unverified	PRJCA046593	diploid_2x	chromosome_level_haplome	yes	yes	yes	yes	sensitivity	eriantha_yx02_2026	paired_haplotype_same_accession	https://ngdc.cncb.ac.cn/gwh/api/public/assembly/GWHHJAN00000000	10.1186/s13059-026-04068-0	Full annotated wild-accession haplome; keep paired with YX02 haplome 2 and do not count it as an independent species replicate.
act_eriantha_yx02_h2_2026	Actinidia eriantha	YX02	phased_haplome_2	2026	GWHHJAB00000000	none	repository_root_version_unverified	PRJCA046593	diploid_2x	chromosome_level_haplome	yes	yes	yes	yes	sensitivity	eriantha_yx02_2026	paired_haplotype_same_accession	https://ngdc.cncb.ac.cn/gwh/api/public/assembly/GWHHJAB00000000	10.1186/s13059-026-04068-0	Full annotated wild-accession haplome; keep paired with YX02 haplome 1 and do not count it as an independent species replicate.
act_deliciosa_qinmei_2025	Actinidia deliciosa	Qinmei	A_to_F_bundle	2025	Figshare_28689167	none	versioned_by_frozen_file_checksums	not_verified	hexaploid_6x	174_anchored_chromosomes_split_into_six_29_chromosome_units	yes	yes	yes	yes	primary_replacement_candidate	deliciosa_qinmei_2025	independent_accession	https://doi.org/10.6084/m9.figshare.28689167	10.1016/j.xplc.2025.101436	Primary candidate preserving A-F; unplaced scf annotations lack matching public genome sequences and remain outside A-F with an explicit audit count.
act_deliciosa_adm_2026	Actinidia deliciosa	ADM	A_to_F_bundle	2026	GWHJJEQ00000000.1	none	versioned_accession	not_verified	hexaploid_6x	174_chromosomes_split_into_six_29_chromosome_units	yes	yes	yes	yes	primary_replacement_candidate	deliciosa_adm_2026	independent_accession	https://ngdc.cncb.ac.cn/gwh/api/public/assembly/GWHJJEQ00000000.1	not_available	Independent full A-F candidate; choose between ADM and Qinmei only after paired-scope QC BUSCO and JCVI gates rather than combining them.
act_longicarpa_actinidiabase_2024	Actinidia longicarpa	ActinidiaBase_2024	whole_assembly	2024	GWHETLB00000000	ActinidiaBase_mirror	repository_root_version_unverified	not_verified	diploid_2x	annotated_chromosome_level_bundle	yes	yes	yes	yes	sensitivity	longicarpa_actinidiabase_gwh_mirror_2024	mirror_or_alias_same_assembly	https://ngdc.cncb.ac.cn/gwh/api/public/assembly/GWHETLB00000000	10.1186/s12915-024-02002-z	GWH and ActinidiaBase are mirrors of one assembly and must not be treated as independent candidates.
act_macrosperma_actinidiabase_2024	Actinidia macrosperma	ActinidiaBase_2024	whole_assembly	2024	GWHETLC00000000	ActinidiaBase_mirror	repository_root_version_unverified	not_verified	tetraploid_4x	annotated_chromosome_level_bundle	yes	yes	yes	yes	sensitivity	macrosperma_actinidiabase_gwh_mirror_2024	mirror_or_alias_same_assembly	https://ngdc.cncb.ac.cn/gwh/api/public/assembly/GWHETLC00000000	10.1186/s12915-024-02002-z	GWH and ActinidiaBase are mirrors of one assembly and must not be treated as independent candidates.
act_polygama_actinidiabase_2024	Actinidia polygama	ActinidiaBase_2024	whole_assembly	2024	GWHETLD00000000	ActinidiaBase_mirror	repository_root_version_unverified	not_verified	diploid_2x	annotated_chromosome_level_bundle	yes	yes	yes	yes	sensitivity	polygama_actinidiabase_gwh_mirror_2024	mirror_or_alias_same_assembly	https://ngdc.cncb.ac.cn/gwh/api/public/assembly/GWHETLD00000000	10.1186/s12915-024-02002-z	GWH and ActinidiaBase are mirrors of one assembly and must not be treated as independent candidates.
act_reticulata_actinidiabase_2024	Actinidia reticulata	ActinidiaBase_2024	whole_assembly	2024	GWHETLE00000000	ActinidiaBase_mirror	repository_root_version_unverified	not_verified	diploid_2x	annotated_chromosome_level_bundle	yes	yes	yes	yes	sensitivity	reticulata_actinidiabase_gwh_mirror_2024	mirror_or_alias_same_assembly	https://ngdc.cncb.ac.cn/gwh/api/public/assembly/GWHETLE00000000	10.1186/s12915-024-02002-z	GWH and ActinidiaBase are mirrors of one assembly and must not be treated as independent candidates.
act_rufa_actinidiabase_2024	Actinidia rufa	unreported_Xian_germplasm_garden_plant	whole_assembly	2024	GWHETLF00000000	ActinidiaBase_rufa_v1	repository_root_version_unverified	PRJCA026928	diploid_2x	38_records_29_pseudochromosomes_plus_9_contigs	yes	yes	yes	yes	sensitivity	rufa_actinidiabase_gwh_release_2024	sequence_distinct_candidate_biological_accession_unresolved	https://ngdc.cncb.ac.cn/gwh/api/public/assembly/GWHETLF00000000	10.1186/s12915-024-02002-z	The downloaded ActinidiaBase v1 genome is sequence-distinct from both ARU_r1.0 and Fuchu, with zero exact normalized sequence records shared. Its frozen release FASTA has 38 records (29 pseudochromosomes plus 9 extras); the paper's separate 100-contig assembly statistic is not a release-record count. The paper reports a Xi'an germplasm-garden plant but no accession name; do not count it as an independent biological replicate until passport metadata resolve the plant. ActinidiaBase and GWH labels remain one 2024 release family pending exact cross-repository file comparison.
act_rufa_aru_r1	Actinidia rufa	ARU	whole_assembly	2023	GCA_030159155.1	none	versioned_accession	not_verified	diploid_2x	full_assembly_scope_to_audit	yes	yes	yes	yes	primary_replacement_candidate	rufa_aru_r1	independent_accession	https://www.ncbi.nlm.nih.gov/datasets/genome/GCA_030159155.1/	not_available	Genome and matched Kazusa annotation are public; inclusion remains conditional on chromosome-scope closure and bidirectional JCVI coverage.
act_rufa_fuchu	Actinidia rufa	Fuchu	whole_assembly	2020	GCA_014362265.1	none	versioned_accession	not_verified	diploid_2x	full_annotated_assembly	yes	yes	yes	yes	primary_replacement_candidate	rufa_fuchu	independent_accession	https://www.ncbi.nlm.nih.gov/datasets/genome/GCA_014362265.1/	not_available	Independent annotated candidate; inclusion remains conditional on chromosome-scope closure and bidirectional JCVI coverage.
act_rufa_mt570001_2026	Actinidia rufa	MT570001	whole_assembly	2026	not_available	none	no_public_accession_as_of_snapshot	not_available	diploid_2x	published_chromosome_level_assembly_without_retrievable_files	no	no	no	no	unavailable	rufa_mt570001_2026	published_accession_no_public_bundle	not_available	10.1007/s44281-026-00103-z	The chromosome-level assembly is published, but no public accession or retrievable genome and annotation files were found as of 2026-07-17; do not substitute paper summary metrics for data.
act_zhejiangensis_haplome_a_2023	Actinidia x zhejiangensis	legacy_A_zhejiangensis	parental_haplome_A	2023	GWHCBQB00000000	none	repository_root_version_unverified	not_verified	diploid_F1_hybrid	phased_parental_haplome	yes	yes	yes	yes	excluded	zhejiangensis_f1_hybrid_2023	hybrid_haplotype_same_accession	https://ngdc.cncb.ac.cn/gwh/api/public/assembly/GWHCBQB00000000	10.1111/tpj.16336	A and B are parental haplomes of the same F1 hybrid biological accession and are not independent species; exclude from species-level gene-loss comparisons.
act_zhejiangensis_haplome_b_2023	Actinidia x zhejiangensis	legacy_A_zhejiangensis	parental_haplome_B	2023	GWHCBQB00000000	none	repository_root_version_unverified	not_verified	diploid_F1_hybrid	phased_parental_haplome	yes	yes	yes	yes	excluded	zhejiangensis_f1_hybrid_2023	hybrid_haplotype_same_accession	https://ngdc.cncb.ac.cn/gwh/api/public/assembly/GWHCBQB00000000	10.1111/tpj.16336	A and B are parental haplomes of the same F1 hybrid biological accession and are not independent species; exclude from species-level gene-loss comparisons.
