unit	synorth_pairs	candidate_dir	search_dir
act_rufa_actinidiabase_v1	qc/actinidia_rufa_synorth_selection_20260717/actinidiabase_v1_production/act_rufa_actinidiabase_v1_vs_clem_scandens.synorths.txt	qc/new_unit_translated_search_20260719/act_rufa_actinidiabase_v1/candidates	qc/new_unit_translated_search_20260719/act_rufa_actinidiabase_v1/search
act_eriantha_hap1_2026	qc/new_unit_synorth_20260717/act_eriantha_hap1_2026/act_eriantha_hap1_2026_vs_clem_scandens.synorths.txt	qc/new_unit_translated_search_20260719/act_eriantha_hap1_2026/candidates	qc/new_unit_translated_search_20260719/act_eriantha_hap1_2026/search
act_eriantha_hap2_2026	qc/new_unit_synorth_20260717/act_eriantha_hap2_2026/act_eriantha_hap2_2026_vs_clem_scandens.synorths.txt	qc/new_unit_translated_search_20260719/act_eriantha_hap2_2026/candidates	qc/new_unit_translated_search_20260719/act_eriantha_hap2_2026/search
act_deliciosa_adm_2026_A	qc/new_unit_synorth_20260717/act_deliciosa_adm_2026_A/act_deliciosa_adm_2026_A_vs_clem_scandens.synorths.txt	qc/new_unit_translated_search_20260719/act_deliciosa_adm_2026_A/candidates	qc/new_unit_translated_search_20260719/act_deliciosa_adm_2026_A/search
act_deliciosa_adm_2026_B	qc/new_unit_synorth_20260717/act_deliciosa_adm_2026_B/act_deliciosa_adm_2026_B_vs_clem_scandens.synorths.txt	qc/new_unit_translated_search_20260719/act_deliciosa_adm_2026_B/candidates	qc/new_unit_translated_search_20260719/act_deliciosa_adm_2026_B/search
act_deliciosa_adm_2026_C	qc/new_unit_synorth_20260717/act_deliciosa_adm_2026_C/act_deliciosa_adm_2026_C_vs_clem_scandens.synorths.txt	qc/new_unit_translated_search_20260719/act_deliciosa_adm_2026_C/candidates	qc/new_unit_translated_search_20260719/act_deliciosa_adm_2026_C/search
act_deliciosa_adm_2026_D	qc/new_unit_synorth_20260717/act_deliciosa_adm_2026_D/act_deliciosa_adm_2026_D_vs_clem_scandens.synorths.txt	qc/new_unit_translated_search_20260719/act_deliciosa_adm_2026_D/candidates	qc/new_unit_translated_search_20260719/act_deliciosa_adm_2026_D/search
act_deliciosa_adm_2026_E	qc/new_unit_synorth_20260717/act_deliciosa_adm_2026_E/act_deliciosa_adm_2026_E_vs_clem_scandens.synorths.txt	qc/new_unit_translated_search_20260719/act_deliciosa_adm_2026_E/candidates	qc/new_unit_translated_search_20260719/act_deliciosa_adm_2026_E/search
act_deliciosa_adm_2026_F	qc/new_unit_synorth_20260717/act_deliciosa_adm_2026_F/act_deliciosa_adm_2026_F_vs_clem_scandens.synorths.txt	qc/new_unit_translated_search_20260719/act_deliciosa_adm_2026_F/candidates	qc/new_unit_translated_search_20260719/act_deliciosa_adm_2026_F/search
