unit	query_protein	query_coords	output_dir	output_name
act_rufa_actinidiabase_v1	standardized/act_rufa_actinidiabase_v1_publisher_scope/primary_annotation_strict/act_rufa_actinidiabase_v1.protein.faa	standardized/act_rufa_actinidiabase_v1_publisher_scope/primary_annotation_strict/act_rufa_actinidiabase_v1.coords	qc/actinidia_rufa_synorth_selection_20260717/actinidiabase_v1_production	act_rufa_actinidiabase_v1_vs_clem_scandens.synorths.txt
act_eriantha_hap1_2026	standardized/act_eriantha_hap1_2026_figshare_v1_publisher_scope/primary_annotation_strict/act_eriantha_hap1_2026.protein.faa	standardized/act_eriantha_hap1_2026_figshare_v1_publisher_scope/primary_annotation_strict/act_eriantha_hap1_2026.coords	qc/new_unit_synorth_20260717/act_eriantha_hap1_2026	act_eriantha_hap1_2026_vs_clem_scandens.synorths.txt
act_eriantha_hap2_2026	standardized/act_eriantha_hap2_2026_figshare_v1_publisher_scope/primary_annotation_strict/act_eriantha_hap2_2026.protein.faa	standardized/act_eriantha_hap2_2026_figshare_v1_publisher_scope/primary_annotation_strict/act_eriantha_hap2_2026.coords	qc/new_unit_synorth_20260717/act_eriantha_hap2_2026	act_eriantha_hap2_2026_vs_clem_scandens.synorths.txt
act_deliciosa_adm_2026_A	standardized/deliciosa_adm_2026_A_to_F/assembly_units/act_deliciosa_adm_2026_A/primary_annotation_strict/act_deliciosa_adm_2026_A.protein.faa	standardized/deliciosa_adm_2026_A_to_F/assembly_units/act_deliciosa_adm_2026_A/primary_annotation_strict/act_deliciosa_adm_2026_A.coords	qc/new_unit_synorth_20260717/act_deliciosa_adm_2026_A	act_deliciosa_adm_2026_A_vs_clem_scandens.synorths.txt
act_deliciosa_adm_2026_B	standardized/deliciosa_adm_2026_A_to_F/assembly_units/act_deliciosa_adm_2026_B/primary_annotation_strict/act_deliciosa_adm_2026_B.protein.faa	standardized/deliciosa_adm_2026_A_to_F/assembly_units/act_deliciosa_adm_2026_B/primary_annotation_strict/act_deliciosa_adm_2026_B.coords	qc/new_unit_synorth_20260717/act_deliciosa_adm_2026_B	act_deliciosa_adm_2026_B_vs_clem_scandens.synorths.txt
act_deliciosa_adm_2026_C	standardized/deliciosa_adm_2026_A_to_F/assembly_units/act_deliciosa_adm_2026_C/primary_annotation_strict/act_deliciosa_adm_2026_C.protein.faa	standardized/deliciosa_adm_2026_A_to_F/assembly_units/act_deliciosa_adm_2026_C/primary_annotation_strict/act_deliciosa_adm_2026_C.coords	qc/new_unit_synorth_20260717/act_deliciosa_adm_2026_C	act_deliciosa_adm_2026_C_vs_clem_scandens.synorths.txt
act_deliciosa_adm_2026_D	standardized/deliciosa_adm_2026_A_to_F/assembly_units/act_deliciosa_adm_2026_D/primary_annotation_strict/act_deliciosa_adm_2026_D.protein.faa	standardized/deliciosa_adm_2026_A_to_F/assembly_units/act_deliciosa_adm_2026_D/primary_annotation_strict/act_deliciosa_adm_2026_D.coords	qc/new_unit_synorth_20260717/act_deliciosa_adm_2026_D	act_deliciosa_adm_2026_D_vs_clem_scandens.synorths.txt
act_deliciosa_adm_2026_E	standardized/deliciosa_adm_2026_A_to_F/assembly_units/act_deliciosa_adm_2026_E/primary_annotation_strict/act_deliciosa_adm_2026_E.protein.faa	standardized/deliciosa_adm_2026_A_to_F/assembly_units/act_deliciosa_adm_2026_E/primary_annotation_strict/act_deliciosa_adm_2026_E.coords	qc/new_unit_synorth_20260717/act_deliciosa_adm_2026_E	act_deliciosa_adm_2026_E_vs_clem_scandens.synorths.txt
act_deliciosa_adm_2026_F	standardized/deliciosa_adm_2026_A_to_F/assembly_units/act_deliciosa_adm_2026_F/primary_annotation_strict/act_deliciosa_adm_2026_F.protein.faa	standardized/deliciosa_adm_2026_A_to_F/assembly_units/act_deliciosa_adm_2026_F/primary_annotation_strict/act_deliciosa_adm_2026_F.coords	qc/new_unit_synorth_20260717/act_deliciosa_adm_2026_F	act_deliciosa_adm_2026_F_vs_clem_scandens.synorths.txt
