unit	biological_species	haplotype_or_subgenome	assembly_scope	search_dir	label_map	relabel_dir
act_rufa_actinidiabase_v1	Actinidia rufa	ActinidiaBase_v1	publisher_29_chromosomes	qc/new_unit_translated_search_20260719/act_rufa_actinidiabase_v1/search	qc/chromosome_label_assignment_similarity_rufa_20260719/act_rufa_actinidiabase_v1/similarity_label_map.tsv	standardized/chromosome_named_by_hy4a_similarity_20260719/act_rufa_actinidiabase_v1
act_eriantha_hap1_2026	Actinidia eriantha	HAP1	publisher_29_chromosomes	qc/new_unit_translated_search_20260719/act_eriantha_hap1_2026/search	qc/chromosome_label_assignment_similarity_20260719/act_eriantha_hap1_2026/similarity_label_map.tsv	standardized/chromosome_named_by_hy4a_similarity_20260719/act_eriantha_hap1_2026
act_eriantha_hap2_2026	Actinidia eriantha	HAP2	publisher_29_chromosomes	qc/new_unit_translated_search_20260719/act_eriantha_hap2_2026/search	qc/chromosome_label_assignment_similarity_20260719/act_eriantha_hap2_2026/similarity_label_map.tsv	standardized/chromosome_named_by_hy4a_similarity_20260719/act_eriantha_hap2_2026
act_deliciosa_adm_2026_A	Actinidia deliciosa	A	publisher_chromosome_partition	qc/new_unit_translated_search_20260719/act_deliciosa_adm_2026_A/search	qc/chromosome_label_assignment_similarity_20260719/act_deliciosa_adm_2026_A/similarity_label_map.tsv	standardized/chromosome_named_by_hy4a_similarity_20260719/act_deliciosa_adm_2026_A
act_deliciosa_adm_2026_B	Actinidia deliciosa	B	publisher_chromosome_partition	qc/new_unit_translated_search_20260719/act_deliciosa_adm_2026_B/search	qc/chromosome_label_assignment_similarity_20260719/act_deliciosa_adm_2026_B/similarity_label_map.tsv	standardized/chromosome_named_by_hy4a_similarity_20260719/act_deliciosa_adm_2026_B
act_deliciosa_adm_2026_C	Actinidia deliciosa	C	publisher_chromosome_partition	qc/new_unit_translated_search_20260719/act_deliciosa_adm_2026_C/search	qc/chromosome_label_assignment_similarity_20260719/act_deliciosa_adm_2026_C/similarity_label_map.tsv	standardized/chromosome_named_by_hy4a_similarity_20260719/act_deliciosa_adm_2026_C
act_deliciosa_adm_2026_D	Actinidia deliciosa	D	publisher_chromosome_partition	qc/new_unit_translated_search_20260719/act_deliciosa_adm_2026_D/search	qc/chromosome_label_assignment_similarity_20260719/act_deliciosa_adm_2026_D/similarity_label_map.tsv	standardized/chromosome_named_by_hy4a_similarity_20260719/act_deliciosa_adm_2026_D
act_deliciosa_adm_2026_E	Actinidia deliciosa	E	publisher_chromosome_partition	qc/new_unit_translated_search_20260719/act_deliciosa_adm_2026_E/search	qc/chromosome_label_assignment_similarity_20260719/act_deliciosa_adm_2026_E/similarity_label_map.tsv	standardized/chromosome_named_by_hy4a_similarity_20260719/act_deliciosa_adm_2026_E
act_deliciosa_adm_2026_F	Actinidia deliciosa	F	publisher_chromosome_partition	qc/new_unit_translated_search_20260719/act_deliciosa_adm_2026_F/search	qc/chromosome_label_assignment_similarity_20260719/act_deliciosa_adm_2026_F/similarity_label_map.tsv	standardized/chromosome_named_by_hy4a_similarity_20260719/act_deliciosa_adm_2026_F
