unit	target_genome	candidate_dir	output_dir
act_rufa_actinidiabase_v1	standardized/act_rufa_actinidiabase_v1_publisher_scope/act_rufa_actinidiabase_v1.genome.fa.gz	qc/new_unit_translated_search_20260719/act_rufa_actinidiabase_v1/candidates	qc/new_unit_translated_search_20260719/act_rufa_actinidiabase_v1/search
act_eriantha_hap1_2026	standardized/act_eriantha_hap1_2026_figshare_v1_publisher_scope/act_eriantha_hap1_2026.genome.fa.gz	qc/new_unit_translated_search_20260719/act_eriantha_hap1_2026/candidates	qc/new_unit_translated_search_20260719/act_eriantha_hap1_2026/search
act_eriantha_hap2_2026	standardized/act_eriantha_hap2_2026_figshare_v1_publisher_scope/act_eriantha_hap2_2026.genome.fa.gz	qc/new_unit_translated_search_20260719/act_eriantha_hap2_2026/candidates	qc/new_unit_translated_search_20260719/act_eriantha_hap2_2026/search
act_deliciosa_adm_2026_A	standardized/deliciosa_adm_2026_A_to_F/assembly_units/act_deliciosa_adm_2026_A/act_deliciosa_adm_2026_A.genome.fa.gz	qc/new_unit_translated_search_20260719/act_deliciosa_adm_2026_A/candidates	qc/new_unit_translated_search_20260719/act_deliciosa_adm_2026_A/search
act_deliciosa_adm_2026_B	standardized/deliciosa_adm_2026_A_to_F/assembly_units/act_deliciosa_adm_2026_B/act_deliciosa_adm_2026_B.genome.fa.gz	qc/new_unit_translated_search_20260719/act_deliciosa_adm_2026_B/candidates	qc/new_unit_translated_search_20260719/act_deliciosa_adm_2026_B/search
act_deliciosa_adm_2026_C	standardized/deliciosa_adm_2026_A_to_F/assembly_units/act_deliciosa_adm_2026_C/act_deliciosa_adm_2026_C.genome.fa.gz	qc/new_unit_translated_search_20260719/act_deliciosa_adm_2026_C/candidates	qc/new_unit_translated_search_20260719/act_deliciosa_adm_2026_C/search
act_deliciosa_adm_2026_D	standardized/deliciosa_adm_2026_A_to_F/assembly_units/act_deliciosa_adm_2026_D/act_deliciosa_adm_2026_D.genome.fa.gz	qc/new_unit_translated_search_20260719/act_deliciosa_adm_2026_D/candidates	qc/new_unit_translated_search_20260719/act_deliciosa_adm_2026_D/search
act_deliciosa_adm_2026_E	standardized/deliciosa_adm_2026_A_to_F/assembly_units/act_deliciosa_adm_2026_E/act_deliciosa_adm_2026_E.genome.fa.gz	qc/new_unit_translated_search_20260719/act_deliciosa_adm_2026_E/candidates	qc/new_unit_translated_search_20260719/act_deliciosa_adm_2026_E/search
act_deliciosa_adm_2026_F	standardized/deliciosa_adm_2026_A_to_F/assembly_units/act_deliciosa_adm_2026_F/act_deliciosa_adm_2026_F.genome.fa.gz	qc/new_unit_translated_search_20260719/act_deliciosa_adm_2026_F/candidates	qc/new_unit_translated_search_20260719/act_deliciosa_adm_2026_F/search
